title,author,publisher,image_url,published_year,average_rating,ratings_count,num_pages
Classical Mythology,Mark P. O. Morford,Oxford University Press,http://images.amazon.com/images/P/0195153448.01.LZZZZZZZ.jpg,2004,3.88,436,371
Clara Callan,Richard Bruce Wright,HarperFlamingo Canada,http://images.amazon.com/images/P/0002005018.01.LZZZZZZZ.jpg,2002,4.27,570,847
Decision in Normandy,Carlo D'Este,HarperPerennial,http://images.amazon.com/images/P/0060973129.01.LZZZZZZZ.jpg,2005,4.18,152,224
Flu: The Story of the Great Influenza Pandemic of 1918 and the Search for the Virus That Caused It,Gina Bari Kolata,Farrar Straus Giroux,http://images.amazon.com/images/P/0374157065.01.LZZZZZZZ.jpg,2006,4.03,20077,344
The Mummies of Urumchi,E. J. W. Barber,W. W. Norton &amp; Company,http://images.amazon.com/images/P/0393045218.01.LZZZZZZZ.jpg,2002,3.88,66,352
The Kitchen God's Wife,Amy Tan,Putnam Pub Group,http://images.amazon.com/images/P/0399135782.01.LZZZZZZZ.jpg,1992,4.24,15021,272
What If?: The World's Foremost Military Historians Imagine What Might Have Been,Robert Cowley,Berkley Publishing Group,http://images.amazon.com/images/P/0425176428.01.LZZZZZZZ.jpg,2003,3.68,44,507
PLEADING GUILTY,Scott Turow,Audioworks,http://images.amazon.com/images/P/0671870432.01.LZZZZZZZ.jpg,2002,3,3,528
Under the Black Flag: The Romance and the Reality of Life Among the Pirates,David Cordingly,Random House,http://images.amazon.com/images/P/0679425608.01.LZZZZZZZ.jpg,2005,3.86,23,1060
Where You'll Find Me: And Other Stories,Ann Beattie,Scribner,http://images.amazon.com/images/P/074322678X.01.LZZZZZZZ.jpg,2007,3.44,34,998
Nights Below Station Street,David Adams Richards,Emblem Editions,http://images.amazon.com/images/P/0771074670.01.LZZZZZZZ.jpg,2002,3.82,65,148
Hitler's Secret Bankers: The Myth of Swiss Neutrality During the Holocaust,Adam Lebor,Citadel Press,http://images.amazon.com/images/P/080652121X.01.LZZZZZZZ.jpg,2005,4.12,324,592
The Middle Stories,Sheila Heti,House of Anansi Press,http://images.amazon.com/images/P/0887841740.01.LZZZZZZZ.jpg,2000,4.11,41,192
Jane Doe,R. J. Kaiser,Mira Books,http://images.amazon.com/images/P/1552041778.01.LZZZZZZZ.jpg,2006,4.24,2110,354
A Second Chicken Soup for the Woman's Soul (Chicken Soup for the Soul Series),Jack Canfield,Health Communications,http://images.amazon.com/images/P/1558746218.01.LZZZZZZZ.jpg,1996,4.2,160,176
The Witchfinder (Amos Walker Mystery Series),Loren D. Estleman,Brilliance Audio - Trade,http://images.amazon.com/images/P/1567407781.01.LZZZZZZZ.jpg,2002,3.78,51,384
More Cunning Than Man: A Social History of Rats and Man,Robert Hendrickson,Kensington Publishing Corp.,http://images.amazon.com/images/P/1575663937.01.LZZZZZZZ.jpg,1982,4.15,24,364
Goodbye to the Buttermilk Sky,Julia Oliver,River City Pub,http://images.amazon.com/images/P/1881320189.01.LZZZZZZZ.jpg,1996,4.45,3491,657
The Testament,John Grisham,Dell,http://images.amazon.com/images/P/0440234743.01.LZZZZZZZ.jpg,1997,3.85,126,184
Beloved (Plume Contemporary Fiction),Toni Morrison,Plume,http://images.amazon.com/images/P/0452264464.01.LZZZZZZZ.jpg,1993,4.12,361,859
Our Dumb Century: The Onion Presents 100 Years of Headlines from America's Finest News Source,The Onion,Three Rivers Press,http://images.amazon.com/images/P/0609804618.01.LZZZZZZZ.jpg,1996,3.98,268,343
New Vegetarian: Bold and Beautiful Recipes for Every Occasion,Celia Brooks Brown,Ryland Peters &amp; Small Ltd,http://images.amazon.com/images/P/1841721522.01.LZZZZZZZ.jpg,2006,3.65,205,335
If I'd Known Then What I Know Now: Why Not Learn from the Mistakes of Others? : You Can't Afford to Make Them All Yourself,J. R. Parrish,Cypress House,http://images.amazon.com/images/P/1879384493.01.LZZZZZZZ.jpg,2006,4.24,7623,201
Mary-Kate &amp; Ashley Switching Goals (Mary-Kate and Ashley Starring in),Mary-Kate & Ashley Olsen,HarperEntertainment,http://images.amazon.com/images/P/0061076031.01.LZZZZZZZ.jpg,1987,4.22,4286,472
Tell Me This Isn't Happening,Robynn Clairday,Scholastic,http://images.amazon.com/images/P/0439095026.01.LZZZZZZZ.jpg,2005,3.81,259,392
Flood : Mississippi 1927,Kathleen Duey,Aladdin,http://images.amazon.com/images/P/0689821166.01.LZZZZZZZ.jpg,2002,3.98,546269,272
Wild Animus,Rich Shapero,Too Far,http://images.amazon.com/images/P/0971880107.01.LZZZZZZZ.jpg,1994,4.17,1532,294
Airframe,Michael Crichton,Ballantine Books,http://images.amazon.com/images/P/0345402871.01.LZZZZZZZ.jpg,1994,3.99,985,360
Timeline,MICHAEL CRICHTON,Ballantine Books,http://images.amazon.com/images/P/0345417623.01.LZZZZZZZ.jpg,1999,3.79,6618,151
OUT OF THE SILENT PLANET,C.S. Lewis,Scribner,http://images.amazon.com/images/P/0684823802.01.LZZZZZZZ.jpg,1996,4.16,1093,448
Prague : A Novel,ARTHUR PHILLIPS,Random House Trade Paperbacks,http://images.amazon.com/images/P/0375759778.01.LZZZZZZZ.jpg,1999,3.95,6479,256
Chocolate Jesus,Stephan Jaramillo,Berkley Publishing Group,http://images.amazon.com/images/P/0425163091.01.LZZZZZZZ.jpg,2006,4.09,3654,430
Wie Barney es sieht.,Mordecai Richler,LÃ?ÃÂ¼bbe,http://images.amazon.com/images/P/3404921038.01.LZZZZZZZ.jpg,2006,4.07,2532,304
Der Fluch der Kaiserin. Ein Richter- Di- Roman.,Eleanor Cooney,Goldmann,http://images.amazon.com/images/P/3442353866.01.LZZZZZZZ.jpg,2007,4.25,350,672
Sturmzeit. Roman.,Charlotte Link,Goldmann,http://images.amazon.com/images/P/3442410665.01.LZZZZZZZ.jpg,1992,4.11,5642,352
Tage der Unschuld.,Richard North Patterson,Goldmann,http://images.amazon.com/images/P/3442446937.01.LZZZZZZZ.jpg,1994,4.18,9734,624
Lying Awake,Mark Salzman,Alfred A. Knopf,http://images.amazon.com/images/P/0375406328.01.LZZZZZZZ.jpg,2003,3.93,241,224
To Kill a Mockingbird,Harper Lee,Little Brown &amp; Company,http://images.amazon.com/images/P/0446310786.01.LZZZZZZZ.jpg,1986,4.27,1998,688
Seabiscuit: An American Legend,LAURA HILLENBRAND,Ballantine Books,http://images.amazon.com/images/P/0449005615.01.LZZZZZZZ.jpg,2003,3.93,80,480
Pigs in Heaven,Barbara Kingsolver,Harpercollins,http://images.amazon.com/images/P/0060168013.01.LZZZZZZZ.jpg,2000,4.09,6196,337
Miss Zukas and the Raven's Dance,Jo Dereske,Avon,http://images.amazon.com/images/P/038078243X.01.LZZZZZZZ.jpg,2003,4.57,7,416
Pride and Prejudice,Jane Austen,Bantam,http://images.amazon.com/images/P/055321215X.01.LZZZZZZZ.jpg,2005,3.23,1,32
The Therapeutic Touch: How to Use Your Hands to Help or to Heal,Dolores Krieger,Fireside,http://images.amazon.com/images/P/067176537X.01.LZZZZZZZ.jpg,2004,4,2635,192
Downtown,Anne Rivers Siddons,HarperTorch,http://images.amazon.com/images/P/0061099686.01.LZZZZZZZ.jpg,1999,4.25,8014,270
Icebound,Dean R. Koontz,Bantam Books,http://images.amazon.com/images/P/0553582909.01.LZZZZZZZ.jpg,1996,3.97,5653,172
I'll Be Seeing You,Mary Higgins Clark,Pocket,http://images.amazon.com/images/P/0671888587.01.LZZZZZZZ.jpg,1998,4.28,1383,304
From the Corner of His Eye,Dean Koontz,Bantam Books,http://images.amazon.com/images/P/0553582747.01.LZZZZZZZ.jpg,2006,3.93,1447,291
Isle of Dogs,Patricia Cornwell,Berkley Publishing Group,http://images.amazon.com/images/P/0425182908.01.LZZZZZZZ.jpg,2006,4,6,997
Purity in Death,J.D. Robb,Berkley Publishing Group,http://images.amazon.com/images/P/042518630X.01.LZZZZZZZ.jpg,2004,3.89,109,343
This Year It Will Be Different: And Other Stories,Maeve Binchy,Dell,http://images.amazon.com/images/P/0440223571.01.LZZZZZZZ.jpg,2003,4.03,522,446
Proxies,Laura J. Mixon,Tor Books,http://images.amazon.com/images/P/0812523873.01.LZZZZZZZ.jpg,2002,4.04,5113,277
Left Behind: A Novel of the Earth's Last Days (Left Behind #1),Tim Lahaye,Tyndale House Publishers,http://images.amazon.com/images/P/0842342702.01.LZZZZZZZ.jpg,2006,3.93,107,724
The Street Lawyer,JOHN GRISHAM,Dell,http://images.amazon.com/images/P/0440225701.01.LZZZZZZZ.jpg,2005,3.82,151,720
"Love, Medicine and Miracles",M.D. Bernie S. Siegel,HarperCollins Publishers,http://images.amazon.com/images/P/0060914068.01.LZZZZZZZ.jpg,1957,4.06,998,384
All the King's Men,Robert Penn Warren,Harvest Books,http://images.amazon.com/images/P/0156047624.01.LZZZZZZZ.jpg,1985,3.93,50,128
Pacific Northwest,Hans Johannes Hoefer,Chambers Harrap Publishers Ltd,http://images.amazon.com/images/P/0245542957.01.LZZZZZZZ.jpg,2006,3.99,171,336
A Soldier of the Great War,Mark Helprin,Avon Books,http://images.amazon.com/images/P/0380715899.01.LZZZZZZZ.jpg,2006,3.22,1,742
Getting Well Again,O. Carol Simonton Md,Bantam,http://images.amazon.com/images/P/0553280333.01.LZZZZZZZ.jpg,1982,4,80,234
Northwest Wines and Wineries,Chuck Hill,Speed Graphics,http://images.amazon.com/images/P/0961769947.01.LZZZZZZZ.jpg,2002,2.75,4,330
An Atmosphere of Eternity: Stories of India,David Iglehart,Sunflower Press,http://images.amazon.com/images/P/0964778319.01.LZZZZZZZ.jpg,2004,4.18,172,578
LONESOME DOVE,Larry McMurtry,Pocket,http://images.amazon.com/images/P/0671623249.01.LZZZZZZZ.jpg,2004,3.71,18,758
Shabanu: Daughter of the Wind (Border Trilogy),SUZANNE FISHER STAPLES,Laurel Leaf,http://images.amazon.com/images/P/0679810307.01.LZZZZZZZ.jpg,1996,4.16,750,256
Haveli (Laurel Leaf Books),SUZANNE FISHER STAPLES,Laurel Leaf,http://images.amazon.com/images/P/0679865691.01.LZZZZZZZ.jpg,1992,3.78,5131,480
Lieux dits,Michel Tournier,Gallimard,http://images.amazon.com/images/P/2070423204.01.LZZZZZZZ.jpg,1998,4.16,214520,212
The Dragons of Eden: Speculations on the Evolution of Human Intelligence,Carl Sagan,Ballantine Books,http://images.amazon.com/images/P/0345260317.01.LZZZZZZZ.jpg,2001,4.15,27792,216
The yawning heights,Aleksandr Zinoviev,Random House,http://images.amazon.com/images/P/0394743741.01.LZZZZZZZ.jpg,1997,3.55,20216,302
Breathing Lessons,Anne Tyler,Berkley Publishing Group,http://images.amazon.com/images/P/042511774X.01.LZZZZZZZ.jpg,2004,4.24,388,304
The Joy Luck Club,Amy Tan,Prentice Hall (K-12),http://images.amazon.com/images/P/0804106304.01.LZZZZZZZ.jpg,2004,4.06,6198,272
Heart of Darkness (Wordsworth Collection),Joseph Conrad,NTC/Contemporary Publishing Company,http://images.amazon.com/images/P/1853262404.01.LZZZZZZZ.jpg,2004,3.79,40,450
The Angel Is Near,Deepak Chopra,St. Martin's Press,http://images.amazon.com/images/P/0312970242.01.LZZZZZZZ.jpg,2004,3.25,4,496
Tess of the D'Urbervilles (Wordsworth Classics),Thomas Hardy,NTC/Contemporary Publishing Company,http://images.amazon.com/images/P/1853260053.01.LZZZZZZZ.jpg,2006,3.82,163,873
The Adventures of Drew and Ellie: The Magical Dress,Charles Noland,1stBooks Library,http://images.amazon.com/images/P/1414035004.01.LZZZZZZZ.jpg,2007,3.99,125,980
The Accidental Virgin,Valerie Frankel,Avon Trade,http://images.amazon.com/images/P/0060938412.01.LZZZZZZZ.jpg,1997,3.95,1604,256
The Tao of Pooh,Benjamin Hoff,Penguin Books,http://images.amazon.com/images/P/0140067477.01.LZZZZZZZ.jpg,2000,4.02,9168,352
Seabiscuit,LAURA HILLENBRAND,Ballantine Books,http://images.amazon.com/images/P/0345465083.01.LZZZZZZZ.jpg,2005,4,8,34
The Prince,Niccolo Machiavelli,Signet Book,http://images.amazon.com/images/P/0451625889.01.LZZZZZZZ.jpg,2005,4.13,18593,688
Life's Little Instruction Book (Life's Little Instruction Books (Paperback)),H. Jackson Brown,Thomas Nelson,http://images.amazon.com/images/P/1558531025.01.LZZZZZZZ.jpg,2006,4.06,193,736
Starship Troopers,Robert A. Heinlein,Ace Books,http://images.amazon.com/images/P/0441783589.01.LZZZZZZZ.jpg,2002,3.8,4,72
"The Ruby in the Smoke (Sally Lockhart Trilogy, Book 1)",PHILIP PULLMAN,Laurel Leaf,http://images.amazon.com/images/P/0394895894.01.LZZZZZZZ.jpg,1985,4.37,2503,80
Black Beauty (Illustrated Classics),Anna Sewell,Landoll,http://images.amazon.com/images/P/1569871213.01.LZZZZZZZ.jpg,1986,4.15,2083,395
Anil's Ghost,MICHAEL ONDAATJE,Knopf,http://images.amazon.com/images/P/0375410538.01.LZZZZZZZ.jpg,1994,3.85,4749,416
Prescription for Terror,Sandra Levy Ceren,Andrew Scott Publishers,http://images.amazon.com/images/P/0966986105.01.LZZZZZZZ.jpg,1987,3.92,311,240
Modern Manners: An Etiquette Book for Rude People,P.J. O'Rourke,Atlantic Monthly Press,http://images.amazon.com/images/P/087113375X.01.LZZZZZZZ.jpg,1976,4.57,60,499
Turning Thirty,Mike Gayle,Hodder &amp; Stoughton General Division,http://images.amazon.com/images/P/0340767936.01.LZZZZZZZ.jpg,2007,4.1,5892,1099
Decipher,Stel Pavlou,Simon &amp; Schuster (Trade Division),http://images.amazon.com/images/P/0743403843.01.LZZZZZZZ.jpg,1995,3.91,9677,216
"My First Cousin Once Removed: Money, Madness, and the Family of Robert Lowell",Sarah Payne Stuart,Perennial,http://images.amazon.com/images/P/0060930365.01.LZZZZZZZ.jpg,1998,3.73,425,208
Standing Firm: A Vice-Presidential Memoir,Dan Quayle,Harpercollins,http://images.amazon.com/images/P/0060177586.01.LZZZZZZZ.jpg,2000,4.09,945,152
Team Bush : Leadership Lessons from the Bush White House,Donald F. Kettl,McGraw-Hill,http://images.amazon.com/images/P/0071416331.01.LZZZZZZZ.jpg,2002,3.99,139,229
The Right Man : The Surprise Presidency of George W. Bush,DAVID FRUM,Random House,http://images.amazon.com/images/P/0375509038.01.LZZZZZZZ.jpg,2005,3.68,97,496
Daybreakers Louis Lamour Collection,Louis Lamour,Bantam Doubleday Dell,http://images.amazon.com/images/P/0553062042.01.LZZZZZZZ.jpg,2000,4.38,4423,400
The Catcher in the Rye,J.D. Salinger,"Little, Brown",http://images.amazon.com/images/P/0316769487.01.LZZZZZZZ.jpg,2003,4.01,318,768
El Senor De Los Anillos: LA Comunidad Del Anillo (Lord of the Rings (Spanish)),J. R. R. Tolkien,Minotauro,http://images.amazon.com/images/P/8445071408.01.LZZZZZZZ.jpg,2004,3.77,279,199
El Senor De Los Anillos: Las DOS Torres (Lord of the Rings (Paperback)),J. R. R. Tolkien,Minotauro,http://images.amazon.com/images/P/8445071769.01.LZZZZZZZ.jpg,2002,3.8,12200,288
"El Senor De Los Anillos: El Retorno Del Rey (Tolkien, J. R. R. Lord of the Rings. 3.)",J. R. R. Tolkien,Distribooks,http://images.amazon.com/images/P/8445071777.01.LZZZZZZZ.jpg,2006,4.62,27,128
Midnight in the Garden of Good and Evil: A Savannah Story,John Berendt,Random House,http://images.amazon.com/images/P/0679429220.01.LZZZZZZZ.jpg,2005,4.2,4014,256
Pretend You Don't See Her,Mary Higgins Clark,Pocket,http://images.amazon.com/images/P/0671867156.01.LZZZZZZZ.jpg,2004,3.54,11,456
Fast Women,Jennifer Crusie,St. Martin's Press,http://images.amazon.com/images/P/0312252617.01.LZZZZZZZ.jpg,2005,3.83,271,318
Female Intelligence,Jane Heller,St. Martin's Press,http://images.amazon.com/images/P/0312261594.01.LZZZZZZZ.jpg,2004,4.2,228522,544
Pasquale's Nose: Idle Days in an Italian Town,Michael Rips,Back Bay Books,http://images.amazon.com/images/P/0316748641.01.LZZZZZZZ.jpg,2000,3.83,6,72
The Gospel of Judas: A Novel,Simon Mawer,Back Bay Books,http://images.amazon.com/images/P/0316973742.01.LZZZZZZZ.jpg,2005,4.3,444,320
"Prize Stories, 1987: The O'Henry Awards",William Abrahams,Doubleday Books,http://images.amazon.com/images/P/0385235941.01.LZZZZZZZ.jpg,2000,4.09,157,352
"Rich Dad, Poor Dad: What the Rich Teach Their Kids About Money--That the Poor and Middle Class Do Not!",Robert T. Kiyosaki,Warner Books,http://images.amazon.com/images/P/0446677450.01.LZZZZZZZ.jpg,2005,3.96,43661,192
The Pillars of the Earth,Ken Follett,Signet Book,http://images.amazon.com/images/P/0451166892.01.LZZZZZZZ.jpg,2003,4.09,166,224
McDonald's: Behind the Arches,John F. Love,Bantam,http://images.amazon.com/images/P/0553347594.01.LZZZZZZZ.jpg,2002,4.25,1620,400
Creating Wealth : Retire in Ten Years Using Allen's Seven Principles of Wealth!,Robert G. Allen,Fireside,http://images.amazon.com/images/P/0671621009.01.LZZZZZZZ.jpg,2006,4.6,6120,1552
Corelli's Mandolin : A Novel,LOUIS DE BERNIERES,Vintage,http://images.amazon.com/images/P/067976397X.01.LZZZZZZZ.jpg,1963,4.61,17,512
"Love, Miracles, and Animal Healing : A heartwarming look at the spiritual bond between animals and humans",Pam Proctor,Fireside,http://images.amazon.com/images/P/0684822733.01.LZZZZZZZ.jpg,1963,4.62,686,384
The Five People You Meet in Heaven,Mitch Albom,Hyperion,http://images.amazon.com/images/P/0786868716.01.LZZZZZZZ.jpg,2002,3.71,8,242
Tu Nombre Escrito En El Agua (La Sonrisa Vertical),Irene Gonzalez Frei,Tusquets,http://images.amazon.com/images/P/8472238822.01.LZZZZZZZ.jpg,1998,2.83,6,176
Relics (Star Trek: The Next Generation),Michael Jan Friedman,Star Trek,http://images.amazon.com/images/P/0671864769.01.LZZZZZZZ.jpg,1995,4.08,12,152
Bless The Beasts And Children : Bless The Beasts And Children,Glendon Swarthout,Pocket,http://images.amazon.com/images/P/0671521519.01.LZZZZZZZ.jpg,2005,3.86,504,192
"The Touch of Your Shadow, the Whisper of Your Name (Babylon 5, Book 5)",Neal Barrett Jr.,Dell,http://images.amazon.com/images/P/0440222303.01.LZZZZZZZ.jpg,1997,3.7,71,72
Blood Oath,David Morrell,St. Martin's Press,http://images.amazon.com/images/P/0312953453.01.LZZZZZZZ.jpg,2004,3.28,53,192
The Alibi,Sandra Brown,Warner Books,http://images.amazon.com/images/P/0446608653.01.LZZZZZZZ.jpg,2006,3.89,36,585
The Beach House,James Patterson,Warner Books,http://images.amazon.com/images/P/0446612545.01.LZZZZZZZ.jpg,2004,3.87,58,692
A Kiss Remembered,Sandra Brown,Warner Books,http://images.amazon.com/images/P/0446612618.01.LZZZZZZZ.jpg,2004,3.5,4,101
The Short Forever,Stuart Woods,Signet Book,http://images.amazon.com/images/P/0451208080.01.LZZZZZZZ.jpg,2006,4.16,187,300
Dead Aim,IRIS JOHANSEN,Bantam Books,http://images.amazon.com/images/P/0553584383.01.LZZZZZZZ.jpg,2000,3.59,83,280
Angels &amp; Demons,Dan Brown,Pocket Star,http://images.amazon.com/images/P/0671027360.01.LZZZZZZZ.jpg,2000,4.12,100,100
The Deal,Joe Hutsko,Tor Books (Mm),http://images.amazon.com/images/P/0812575954.01.LZZZZZZZ.jpg,2006,4.07,897,31
All He Ever Wanted: A Novel,Anita Shreve,Back Bay Books,http://images.amazon.com/images/P/0316735736.01.LZZZZZZZ.jpg,2006,4.14,1979,213
"Every Breath You Take : A True Story of Obsession, Revenge, and Murder",Ann Rule,Pocket,http://images.amazon.com/images/P/0743439740.01.LZZZZZZZ.jpg,2000,4.68,25,264
"If I Ever Get Back to Georgia, I'm Gonna Nail My Feet to the Ground",LEWIS GRIZZARD,Ballantine Books,http://images.amazon.com/images/P/0345372700.01.LZZZZZZZ.jpg,2004,4.04,1525,828
The Mosquito Coast,Paul Theroux,Harper Mass Market Paperbacks (Mm),http://images.amazon.com/images/P/0380619458.01.LZZZZZZZ.jpg,2005,3.89,1269,558
"If Love Were Oil, I'd Be About a Quart Low",Lewis Grizzard,Warner Books (Mm),http://images.amazon.com/images/P/0446325805.01.LZZZZZZZ.jpg,2005,3.96,776,176
"Goodbye, My Little Ones: The True Story of a Murderous Mother and Five Innocent Victims",Charles Hickey,Onyx Books,http://images.amazon.com/images/P/0451406923.01.LZZZZZZZ.jpg,2006,3.88,162,719
The Girl Who Loved Tom Gordon,Stephen King,Pocket,http://images.amazon.com/images/P/0671042858.01.LZZZZZZZ.jpg,2006,3.57,170,256
Bringing Down the House: The Inside Story of Six M.I.T. Students Who Took Vegas for Millions,Ben Mezrich,Free Press,http://images.amazon.com/images/P/0743249992.01.LZZZZZZZ.jpg,2006,4.18,14613,361
"The Oneprince (The Redaemian Chronicles, Book 1)",Bill Hand,Thomas Nelson Inc,http://images.amazon.com/images/P/0840734530.01.LZZZZZZZ.jpg,2003,4.13,494,1024
The Sum of All Fears,Tom Clancy,Berkley Publishing Group,http://images.amazon.com/images/P/0425184226.01.LZZZZZZZ.jpg,2003,3.64,387,288
Care Packages : Letters to Christopher Reeve from Strangers and Other Friends,DANA REEVE,Random House,http://images.amazon.com/images/P/0375500766.01.LZZZZZZZ.jpg,2004,3.17,245,384
O Deus Das Pequenas Coisas,Roy,Edicoes Asa,http://images.amazon.com/images/P/9724119378.01.LZZZZZZZ.jpg,2003,3.6,52,600
Lady in Green/Minor Indiscretions (Signet Regency Romance),Barbara Metzger,Signet Book,http://images.amazon.com/images/P/0451205197.01.LZZZZZZZ.jpg,2005,4.23,10,200
One Hundred Years of Solitude,Gabriel Garcia Marquez,Perennial,http://images.amazon.com/images/P/0060929790.01.LZZZZZZZ.jpg,1991,3.94,17,48
Little Altars Everywhere: A Novel,Rebecca Wells,Perennial,http://images.amazon.com/images/P/0060976845.01.LZZZZZZZ.jpg,2000,4.16,4100,200
Coyote Waits (Joe Leaphorn/Jim Chee Novels),Tony Hillerman,HarperTorch,http://images.amazon.com/images/P/0061099325.01.LZZZZZZZ.jpg,1992,4.01,221,48
Before I Say Good-Bye,Mary Higgins Clark,Pocket,http://images.amazon.com/images/P/0671004573.01.LZZZZZZZ.jpg,1995,3.96,398,384
Slow Waltz in Cedar Bend,Robert James Waller,Warner Books,http://images.amazon.com/images/P/0446601640.01.LZZZZZZZ.jpg,2000,3.97,13688,366
Twenty Minute Retreats: Revive Your Spirits in Just Minutes a Day (A Pan Self-discovery Title),Rachel Harris,Pan Macmillan,http://images.amazon.com/images/P/0330484516.01.LZZZZZZZ.jpg,2003,3.56,9836,207
Atonement : A Novel,IAN MCEWAN,Anchor,http://images.amazon.com/images/P/038572179X.01.LZZZZZZZ.jpg,2006,3.5,20,455
Next: The Future Just Happened,Michael Lewis,W.W. Norton &amp; Company,http://images.amazon.com/images/P/0393020371.01.LZZZZZZZ.jpg,1969,4.25,1348,272
The Angelic Darkness,Richard Zimler,Arcadia Books,http://images.amazon.com/images/P/1900850303.01.LZZZZZZZ.jpg,2003,4.25,4,412
The Soulbane Stratagem,Norman Jetmundsen,"John Hunt Publishing, Ltd.",http://images.amazon.com/images/P/1903019699.01.LZZZZZZZ.jpg,2004,4.1,2888,384
Gangster,Lorenzo Carcaterra,Fawcett Books,http://images.amazon.com/images/P/0345425294.01.LZZZZZZZ.jpg,2006,3.13,36,264
Hush,Anne Frasier,Onyx Books,http://images.amazon.com/images/P/0451410319.01.LZZZZZZZ.jpg,2007,2.67,9,196
"Whisper of Evil (Hooper, Kay. Evil Trilogy.)",Kay Hooper,Bantam Books,http://images.amazon.com/images/P/0553583468.01.LZZZZZZZ.jpg,2003,3.52,29,528
Temor y Temblor,Soren Kierkegaard,Alianza,http://images.amazon.com/images/P/8420639133.01.LZZZZZZZ.jpg,2007,3.77,22,178
Estudios sobre el amor,Jose Ortega Y Gaset,Downtown Book Center,http://images.amazon.com/images/P/8476409419.01.LZZZZZZZ.jpg,2006,3.76,5615,328
Rebecca,Daphne Du Maurier,Avon,http://images.amazon.com/images/P/0380778556.01.LZZZZZZZ.jpg,2006,3.94,31,138
Scarlet Letter,Nathaniel Hawthorne,Signet Book,http://images.amazon.com/images/P/0451525221.01.LZZZZZZZ.jpg,2006,4.05,23,528
Keep It Simple: And Get More Out of Life,Nick Page,Trafalgar Square,http://images.amazon.com/images/P/0002740230.01.LZZZZZZZ.jpg,2004,4,4,96
Diary of a Mad Mom-To-Be,Laura Wolf,Delta,http://images.amazon.com/images/P/0385336772.01.LZZZZZZZ.jpg,2002,4.12,7,208
Locked in Time (Laurel Leaf Books),LOIS DUNCAN,Laure Leaf,http://images.amazon.com/images/P/0440949424.01.LZZZZZZZ.jpg,2005,3.95,1972,256
Contact,Susan Grant,Love Spell,http://images.amazon.com/images/P/0505524996.01.LZZZZZZZ.jpg,2005,3.84,152,343
The Brimstone Wedding,Barbara Vine,Penguin Books Ltd,http://images.amazon.com/images/P/0140252800.01.LZZZZZZZ.jpg,2006,1.01,890,254
The Catswold Portal,Shirley Rousseau Murphy,Roc,http://images.amazon.com/images/P/0451452755.01.LZZZZZZZ.jpg,2000,3.75,292,188
Through Wolf's Eyes (Wolf),Jane Lindskold,Tor Fantasy,http://images.amazon.com/images/P/0812575482.01.LZZZZZZZ.jpg,2015,2.56,599,99
Puerto Vallarta Squeeze,Robert James Waller,Warner Books,http://images.amazon.com/images/P/044651747X.01.LZZZZZZZ.jpg,2011,1.9,604,82
Tree Grows In Brooklyn,Betty Smith,Harpercollins Publisher,http://images.amazon.com/images/P/0060801263.01.LZZZZZZZ.jpg,2013,4.57,236,50
"Cybill Disobedience: How I Survived Beauty Pageants, Elvis, Sex, Bruce Willis, Lies, Marriage, Motherhood, Hollywood, and the Irrepressible Urge to Say What I Think",Cybill Shepherd,Avon Books,http://images.amazon.com/images/P/0061030147.01.LZZZZZZZ.jpg,2000,1.17,551,198
Snow Angels,Stewart O'Nan,Penguin Books,http://images.amazon.com/images/P/0140250964.01.LZZZZZZZ.jpg,1992,3.11,811,83
Wish You Well,David Baldacci,Warner Books,http://images.amazon.com/images/P/0446527165.01.LZZZZZZZ.jpg,2015,3.99,918,136
The Hitchhiker's Guide to the Galaxy,Douglas Adams,Pocket,http://images.amazon.com/images/P/0671461494.01.LZZZZZZZ.jpg,1997,2.59,395,91
Crow Lake (Today Show Book Club #7),Mary Lawson,Delta,http://images.amazon.com/images/P/0385337639.01.LZZZZZZZ.jpg,1998,4.15,652,75
My Antonia,Willa Cather,Mariner Books,http://images.amazon.com/images/P/039575514X.01.LZZZZZZZ.jpg,1990,4.31,329,109
Pen Pals,Olivia Goldsmith,Signet Book,http://images.amazon.com/images/P/0451206673.01.LZZZZZZZ.jpg,1990,4.94,546,159
Bridget Jones's Diary,Helen Fielding,Picador (UK),http://images.amazon.com/images/P/0330332775.01.LZZZZZZZ.jpg,2003,3.07,371,69
Pride and Prejudice (Dover Thrift Editions),Jane Austen,Dover Publications,http://images.amazon.com/images/P/0486284735.01.LZZZZZZZ.jpg,2005,4.16,266,93
EYE ON CRIME: HARDY BOYS #153,Franklin W. Dixon,Aladdin,http://images.amazon.com/images/P/0671021745.01.LZZZZZZZ.jpg,2006,1.17,250,160
Skin And Bones,Franklin W. Dixon,Aladdin,http://images.amazon.com/images/P/0671047612.01.LZZZZZZZ.jpg,2010,4.07,541,103
"LAW OF THE JUNGLE (HARDY BOYS CASE FILE 105) : LAW OF THE JUNGLE (Hardy Boys, The)",Franklin W. Dixon,Simon Pulse,http://images.amazon.com/images/P/0671504282.01.LZZZZZZZ.jpg,1997,4.48,761,181
The Cat Who Came to Breakfast (Cat Who... (Hardcover)),Lilian Jackson Braun,Putnam Pub Group,http://images.amazon.com/images/P/0399138684.01.LZZZZZZZ.jpg,2019,1.74,889,89
"If Singleness Is a Gift, What's the Return Policy?",Holly Virden,Nelson Books,http://images.amazon.com/images/P/0785263292.01.LZZZZZZZ.jpg,2019,3.43,156,98
Always Daddy's Girl: Understanding Your Father's Impact on Who You Are,H. Norman Wright,Regal Books,http://images.amazon.com/images/P/0830714014.01.LZZZZZZZ.jpg,2011,3.39,849,183
Night Mare (Xanth Novels (Paperback)),Piers Anthony,Del Rey Books,http://images.amazon.com/images/P/0345354931.01.LZZZZZZZ.jpg,2009,2.31,295,156
The Martian Chronicles,RAY BRADBURY,Spectra,http://images.amazon.com/images/P/0553278223.01.LZZZZZZZ.jpg,2011,4.95,570,118
Kabale Und Liebe,Schiller,"Philipp Reclam, Jun Verlag GmbH",http://images.amazon.com/images/P/3150000335.01.LZZZZZZZ.jpg,2000,1.01,121,83
Der illustrierte Mann. ErzÃ?ÃÂ¤hlungen.,Ray Bradbury,Diogenes,http://images.amazon.com/images/P/3257203659.01.LZZZZZZZ.jpg,2015,3.25,970,164
Der KÃ?ÃÂ¶nig in Gelb.,Raymond Chandler,Diogenes Verlag,http://images.amazon.com/images/P/3257207522.01.LZZZZZZZ.jpg,2014,3.84,668,150
Fahrenheit 451,Ray Bradbury,Distribooks Inc,http://images.amazon.com/images/P/3257208626.01.LZZZZZZZ.jpg,2017,3.06,526,151
Das BÃ?ÃÂ¶se kommt auf leisen Sohlen.,Ray Bradbury,Diogenes,http://images.amazon.com/images/P/3257208669.01.LZZZZZZZ.jpg,1996,3.93,148,51
LÃ?ÃÂ¶wenzahnwein. Roman.,Ray Bradbury,Diogenes Verlag,http://images.amazon.com/images/P/3257210450.01.LZZZZZZZ.jpg,2016,2.35,125,191
Das Kind von morgen. ErzÃ?ÃÂ¤hlungen.,Ray Bradbury,Diogenes Verlag,http://images.amazon.com/images/P/3257212054.01.LZZZZZZZ.jpg,2015,3.81,613,165
Familientreffen. ErzÃ?ÃÂ¤hlungen.,Ray Bradbury,Diogenes Verlag,http://images.amazon.com/images/P/3257214154.01.LZZZZZZZ.jpg,2001,4.66,146,98
Der Tod kommt schnell in Mexico. ErzÃ?ÃÂ¤hlungen.,Ray Bradbury,Diogenes Verlag,http://images.amazon.com/images/P/3257216416.01.LZZZZZZZ.jpg,1998,4.46,907,94
Veronika Deschliesst Zu Sterben / Vernika Decides to Die,Paolo Coelho,Distribooks,http://images.amazon.com/images/P/3257233051.01.LZZZZZZZ.jpg,2001,2.43,268,77
Die Liebe in Den Zelten,Gabriel Garcia Marquez,Deutscher Taschenbuch Verlag (DTV),http://images.amazon.com/images/P/342311360X.01.LZZZZZZZ.jpg,1995,2.9,614,71
Die Klone der Joanna May. Roman.,Fay Weldon,Dtv,http://images.amazon.com/images/P/3423116714.01.LZZZZZZZ.jpg,1995,1.5,974,64
Ist mein Hintern wirklich so dick? Tagebuch einer empfindsamen Frau.,Arabella Weir,Dtv,http://images.amazon.com/images/P/3423241489.01.LZZZZZZZ.jpg,1995,3.3,992,72
Haifischfrauen.,Kiana Davenport,"Droemersche Verlagsanstalt Th. Knaur Nachf., GmbH &amp; Co.",http://images.amazon.com/images/P/3426605686.01.LZZZZZZZ.jpg,2001,3.55,839,142
Die Cappuccino- Jahre. Aus dem Tagebuch des Adrian Mole.,Sue Townsend,Heyne,http://images.amazon.com/images/P/3453212150.01.LZZZZZZZ.jpg,1992,2.53,251,154
Schwarzer Tee mit drei StÃÂ¼ck Zucker,Renan Demirkan,Kiepenheuer &amp; Witsch,http://images.amazon.com/images/P/3462021095.01.LZZZZZZZ.jpg,2011,2.01,798,107
QuerschÃ?ÃÂ¼sse - Downsize This!,Michael Moore,Piper,http://images.amazon.com/images/P/3492045642.01.LZZZZZZZ.jpg,2020,3.12,515,66
Die Korrekturen.,Jonathan Franzen,"Rowohlt, Reinbek",http://images.amazon.com/images/P/3498020862.01.LZZZZZZZ.jpg,2015,4.78,256,185
Neun ErzÃ?ÃÂ¤hlungen.,Jerome D. Salinger,Rowohlt Tb.,http://images.amazon.com/images/P/3499110695.01.LZZZZZZZ.jpg,2010,1.92,953,120
"Hebt den Dachbalken hoch, Zimmerleute / Seymour wird vorgestellt.",Jerome D. Salinger,Rowohlt Tb.,http://images.amazon.com/images/P/3499151502.01.LZZZZZZZ.jpg,1994,3.94,509,198
The God of Small Things,Arundhati Roy,Perennial,http://images.amazon.com/images/P/0060977493.01.LZZZZZZZ.jpg,1999,1.75,641,52
The James Dean Affair: A Neil Gulliver &amp; Stevie Marriner Novel,Robert S. Levinson,St Martins Pr,http://images.amazon.com/images/P/0312872682.01.LZZZZZZZ.jpg,2007,3.8,281,106
The Big Bad Wolf: A Novel,James Patterson,"Little, Brown",http://images.amazon.com/images/P/0316602906.01.LZZZZZZZ.jpg,2006,2.18,640,150
Four Blind Mice,James Patterson,"Little, Brown",http://images.amazon.com/images/P/0316693006.01.LZZZZZZZ.jpg,2006,3.47,569,146
Private Screening,Richard North Patterson,Ballantine Books,http://images.amazon.com/images/P/0345311396.01.LZZZZZZZ.jpg,1995,2.27,191,94
Congo,Michael Crichton,Ballantine Books,http://images.amazon.com/images/P/0345378490.01.LZZZZZZZ.jpg,1999,3.43,573,182
Protect and Defend,Richard North Patterson,Ballantine Books,http://images.amazon.com/images/P/0345404793.01.LZZZZZZZ.jpg,2014,1.99,198,166
The Tall Pine Polka,Lorna Landvik,Ballantine Books,http://images.amazon.com/images/P/0345433173.01.LZZZZZZZ.jpg,2017,4.75,65,144
Memoirs of a Geisha,Arthur Golden,Alfred A. Knopf,http://images.amazon.com/images/P/0375400117.01.LZZZZZZZ.jpg,2017,1.61,510,174
Plainsong (Vintage Contemporaries),KENT HARUF,Vintage,http://images.amazon.com/images/P/0375705856.01.LZZZZZZZ.jpg,2004,4.56,674,82
Body of Evidence (Kay Scarpetta Mysteries (Paperback)),Patricia D. Cornwell,Avon,http://images.amazon.com/images/P/0380717018.01.LZZZZZZZ.jpg,2009,3.26,995,151
All That Remains (Kay Scarpetta Mysteries (Paperback)),Patricia D. Cornwell,Avon,http://images.amazon.com/images/P/0380718332.01.LZZZZZZZ.jpg,2008,3.15,969,68
The Case of the Lost Look-Alike (An Avon Camelot Book),Carol J. Farley,Avon Books,http://images.amazon.com/images/P/0380754509.01.LZZZZZZZ.jpg,2007,3.17,247,153
Petals on the River,Kathleen E. Woodiwiss,Avon Trade,http://images.amazon.com/images/P/038076654X.01.LZZZZZZZ.jpg,2013,1.21,121,182
The Elusive Flame,Kathleen E. Woodiwiss,Avon,http://images.amazon.com/images/P/0380807866.01.LZZZZZZZ.jpg,2018,4.54,246,55
Legacy of Silence,Belva Plain,Bantam Dell Pub Group,http://images.amazon.com/images/P/0385316895.01.LZZZZZZZ.jpg,1991,3.15,573,163
The Brethren,JOHN GRISHAM,Doubleday,http://images.amazon.com/images/P/0385497466.01.LZZZZZZZ.jpg,2013,2.78,102,106
The King of Torts,John Grisham,Doubleday Books,http://images.amazon.com/images/P/0385508042.01.LZZZZZZZ.jpg,2016,1.75,445,95
The Curious Incident of the Dog in the Night-Time : A Novel,MARK HADDON,Doubleday,http://images.amazon.com/images/P/0385509456.01.LZZZZZZZ.jpg,1990,4.85,469,131
Bleachers,John Grisham,Doubleday,http://images.amazon.com/images/P/0385511612.01.LZZZZZZZ.jpg,2018,2.71,145,163
Sisterhood of the Traveling Pants,ANN BRASHARES,Delacorte Books for Young Readers,http://images.amazon.com/images/P/0385730586.01.LZZZZZZZ.jpg,2009,4.43,267,66
Only Love (Magical Love),Erich Segal,Berkley Publishing Group,http://images.amazon.com/images/P/0425164403.01.LZZZZZZZ.jpg,2013,2.06,843,167
All or Nothing (Wheeler Large Print Books),Elizabeth Adler,Island,http://images.amazon.com/images/P/0440234964.01.LZZZZZZZ.jpg,1993,3.08,680,143
Roses Are Red (Alex Cross Novels),James Patterson,Warner Vision,http://images.amazon.com/images/P/0446605484.01.LZZZZZZZ.jpg,2010,4.49,454,70
The Rescue,Nicholas Sparks,Warner Books,http://images.amazon.com/images/P/0446610399.01.LZZZZZZZ.jpg,2006,1.26,103,176
Manhattan Hunt Club,JOHN SAUL,Ballantine Books,http://images.amazon.com/images/P/0449006522.01.LZZZZZZZ.jpg,2002,1.88,286,71
Patty Jane's House of Curl (Ballantine Reader's Circle),LORNA LANDVIK,Ballantine Books,http://images.amazon.com/images/P/0449911004.01.LZZZZZZZ.jpg,2015,2.55,402,135
Pet Sematary,Stephen King,Signet Book,http://images.amazon.com/images/P/0451162072.01.LZZZZZZZ.jpg,1994,2.61,218,128
Silent Snow,Steve Thayer,Signet Book,http://images.amazon.com/images/P/0451186648.01.LZZZZZZZ.jpg,2019,3.64,633,146
Girl with a Pearl Earring,Tracy Chevalier,Plume Books,http://images.amazon.com/images/P/0452282152.01.LZZZZZZZ.jpg,2005,2.59,494,136
Summer of Storms,Judith Kelman,Jove Books,http://images.amazon.com/images/P/051513290X.01.LZZZZZZZ.jpg,1991,3.98,678,166
The Patient,Michael Palmer,Bantam Books,http://images.amazon.com/images/P/0553580388.01.LZZZZZZZ.jpg,1992,3.53,150,148
"Demona's Revenge (Gargoyles, No. 2)",Francine Hughes,Scholastic,http://images.amazon.com/images/P/0590598848.01.LZZZZZZZ.jpg,2017,2.53,898,155
Clifford's Sports Day,Norman Bridwell,Scholastic,http://images.amazon.com/images/P/0590629719.01.LZZZZZZZ.jpg,2009,3.49,748,73
Postmortem (Kay Scarpetta Mysteries (Paperback)),Patricia Cornwell,Pocket,http://images.amazon.com/images/P/0671023616.01.LZZZZZZZ.jpg,1997,1.56,125,164
Deception Point,Dan Brown,Pocket,http://images.amazon.com/images/P/0671027387.01.LZZZZZZZ.jpg,1999,1.02,112,73
Tis : A Memoir,Frank McCourt,Scribner,http://images.amazon.com/images/P/0684848783.01.LZZZZZZZ.jpg,1995,1.84,546,72
Angels &amp; Demons,Dan Brown,Atria,http://images.amazon.com/images/P/0743486226.01.LZZZZZZZ.jpg,1997,1.54,265,97
A Monk Swimming,Malachy McCourt,Hyperion,http://images.amazon.com/images/P/0786863986.01.LZZZZZZZ.jpg,2017,2.01,672,143
Crazy Horse,Mari Sandoz,University of Nebraska Press,http://images.amazon.com/images/P/0803251718.01.LZZZZZZZ.jpg,2016,4.4,902,157
The Silent Cry (William Monk Novels (Paperback)),Anne Perry,Ivy Books,http://images.amazon.com/images/P/0804117934.01.LZZZZZZZ.jpg,2018,3.02,844,104
The Kalahari Typing School for Men (No. 1 Ladies' Detective Agency),ALEXANDER MCCALL SMITH,Anchor,http://images.amazon.com/images/P/140003180X.01.LZZZZZZZ.jpg,1997,4.19,749,171
Chicken Soup for the Soul (Chicken Soup for the Soul),Jack Canfield,Health Communications,http://images.amazon.com/images/P/155874262X.01.LZZZZZZZ.jpg,2016,1.24,911,174
Wicked: The Life and Times of the Wicked Witch of the West,Gregory Maguire,Regan Books,http://images.amazon.com/images/P/0060987103.01.LZZZZZZZ.jpg,2014,1.82,685,171
Life of Pi,Yann Martel,Harcourt,http://images.amazon.com/images/P/0151008116.01.LZZZZZZZ.jpg,2009,2.31,310,61
A Judgement in Stone,Ruth Rendell,Vintage Books USA,http://images.amazon.com/images/P/0375704965.01.LZZZZZZZ.jpg,2015,1.51,128,199
Lies and the Lying Liars Who Tell Them: A Fair and Balanced Look at the Right,Al Franken,Dutton Books,http://images.amazon.com/images/P/0525947647.01.LZZZZZZZ.jpg,2001,1.25,900,126
Secret History,DONNA TARTT,Ballantine Books,http://images.amazon.com/images/P/0804111359.01.LZZZZZZZ.jpg,2008,1.09,379,59
Chicken Soup for the Woman's Soul (Chicken Soup for the Soul Series (Paper)),Jack Canfield,Health Communications,http://images.amazon.com/images/P/1558744150.01.LZZZZZZZ.jpg,2019,1.3,774,191
Great Expectations (Heinemann Guided Readers),John Milne,Delta Systems,http://images.amazon.com/images/P/0435272683.01.LZZZZZZZ.jpg,1999,2.06,858,151
The Weight of Water,Anita Shreve,"Little, Brown",http://images.amazon.com/images/P/0316782505.01.LZZZZZZZ.jpg,2009,4.39,604,97
Moving Pictures (Discworld Novels (Paperback)),Terry Pratchett,HarperTorch,http://images.amazon.com/images/P/006102063X.01.LZZZZZZZ.jpg,1998,1.84,626,106
Night Watch,Terry Pratchett,HarperCollins,http://images.amazon.com/images/P/0060013117.01.LZZZZZZZ.jpg,2008,4.09,689,153
Thief of Time,Terry Pratchett,HarperCollins Publishers,http://images.amazon.com/images/P/0060199563.01.LZZZZZZZ.jpg,2013,2.69,636,89
Charlotte's Web Book and Charm (Charming Classics),E. B. White,HarperFestival,http://images.amazon.com/images/P/006052779X.01.LZZZZZZZ.jpg,2018,1.15,875,153
Peter Pan: The Original Story (Peter Pan),J. M. Barrie,HarperFestival,http://images.amazon.com/images/P/0060563079.01.LZZZZZZZ.jpg,2020,3.38,425,113
My Friend Flicka,Mary O'Hara,Perennial,http://images.amazon.com/images/P/0060809027.01.LZZZZZZZ.jpg,2004,2.21,499,63
The Last Hero : A Discworld Fable (Discworld Novels (Hardcover)),Terry Pratchett,HarperCollins,http://images.amazon.com/images/P/0061040967.01.LZZZZZZZ.jpg,2007,1.84,275,66
Jingo: A Discworld Novel (Discworld Series/Terry Pratchett),Terry Pratchett,HarperPrism,http://images.amazon.com/images/P/0061050474.01.LZZZZZZZ.jpg,2000,1.24,663,152
"Maskerade: A Novel of Discworld (Pratchett, Terry. Discworld Series (New York, N.Y.).)",Terry Pratchett,HarperPrism,http://images.amazon.com/images/P/0061052515.01.LZZZZZZZ.jpg,2013,4.84,880,125
Interesting Times: A Novel of Discworld,Terry Pratchett,Harpercollins,http://images.amazon.com/images/P/0061052523.01.LZZZZZZZ.jpg,2009,3.61,917,97
"On the Bright Side, I'm Now the Girlfriend of a Sex God: Further Confessions of Georgia Nicolson",Louise Rennison,HarperTempest,http://images.amazon.com/images/P/0064472264.01.LZZZZZZZ.jpg,1997,1.16,678,88
Mansfield Park (Penguin Popular Classics),Jane Austen,Penguin Books Ltd,http://images.amazon.com/images/P/0140620664.01.LZZZZZZZ.jpg,2019,4.39,237,143
The Wind in the Willows,Kenneth Grahame,St. Martin's Press,http://images.amazon.com/images/P/0312148267.01.LZZZZZZZ.jpg,2004,1.92,518,106
The Winter King: A Novel of Arthur (The Warlord Chronicles: I),Bernard Cornwell,St. Martin's Griffin,http://images.amazon.com/images/P/0312156960.01.LZZZZZZZ.jpg,1991,1.75,929,61
Moonheart (Newford),Charles de Lint,Orb Books,http://images.amazon.com/images/P/0312890044.01.LZZZZZZZ.jpg,1997,4.67,406,116
The King of Elfland's Daughter (Del Rey Impact),Edward John Moreton Drax Plunkett Dunsany,Del Rey Books,http://images.amazon.com/images/P/034543191X.01.LZZZZZZZ.jpg,2012,3.65,994,57
Powder and Patch,Georgette Heyer,Harlequin,http://images.amazon.com/images/P/0373836023.01.LZZZZZZZ.jpg,2012,2.43,362,109
The Picture of Dorian Gray (Modern Library (Paperback)),OSCAR WILDE,Modern Library,http://images.amazon.com/images/P/0375751513.01.LZZZZZZZ.jpg,1993,3.04,55,92
The Iron Giant,Ted Hughes,Knopf Books for Young Readers,http://images.amazon.com/images/P/0375801677.01.LZZZZZZZ.jpg,2018,1.22,899,67
James and the Giant Peach,ROALD DAHL,Knopf Books for Young Readers,http://images.amazon.com/images/P/0375814248.01.LZZZZZZZ.jpg,1994,4.37,736,136
"The Amber Spyglass (His Dark Materials, Book 3)",PHILIP PULLMAN,Knopf Books for Young Readers,http://images.amazon.com/images/P/0375823352.01.LZZZZZZZ.jpg,2018,3.34,290,118
"The Golden Compass (His Dark Materials, Book 1)",PHILIP PULLMAN,Knopf Books for Young Readers,http://images.amazon.com/images/P/037582345X.01.LZZZZZZZ.jpg,2016,1.68,905,101
"The Subtle Knife (His Dark Materials, Book 2)",PHILIP PULLMAN,Knopf Books for Young Readers,http://images.amazon.com/images/P/0375823468.01.LZZZZZZZ.jpg,2002,1.71,619,157
"The Adrian Mole Diaries : The Secret Diary of Adrian Mole, Aged 13 3/4 : The Growing Pains of Adrian Mole",Sue Townsend,Perennial,http://images.amazon.com/images/P/0380730448.01.LZZZZZZZ.jpg,2017,1.43,54,200
Martian Chronicles,Ray Bradbury,William Morrow,http://images.amazon.com/images/P/0380973839.01.LZZZZZZZ.jpg,2015,3.41,219,190
The Great God Pan,Donna Jo Napoli,Wendy Lamb Books,http://images.amazon.com/images/P/0385327773.01.LZZZZZZZ.jpg,1998,4.71,908,132
Possession: A Romance,A. S. Byatt,Random House Inc,http://images.amazon.com/images/P/0394586239.01.LZZZZZZZ.jpg,1997,4.44,852,188
Born Confused,Tanuja Desai Hidier,Push,http://images.amazon.com/images/P/0439510112.01.LZZZZZZZ.jpg,1997,2.78,789,78
Confessions of a Shopaholic,SOPHIE KINSELLA,Dell,http://images.amazon.com/images/P/0440241413.01.LZZZZZZZ.jpg,1995,3.31,407,126
Making Minty Malone,Isabel Wolff,Onyx Books,http://images.amazon.com/images/P/0451409256.01.LZZZZZZZ.jpg,1995,3.87,926,86
Little Women (Signet Classic),Louisa May Alcott,Signet Classics,http://images.amazon.com/images/P/0451523415.01.LZZZZZZZ.jpg,1998,4.54,528,130
Emma (Signet Classics (Paperback)),Jane Austen,Signet Classics,http://images.amazon.com/images/P/0451526279.01.LZZZZZZZ.jpg,2016,2.24,785,155
Animal Farm,George Orwell,Signet,http://images.amazon.com/images/P/0451526341.01.LZZZZZZZ.jpg,2012,1.62,864,173
Great Expectations (Dover Thrift Editions),Charles Dickens,Dover Publications,http://images.amazon.com/images/P/0486415864.01.LZZZZZZZ.jpg,2011,4.07,738,92
Eva Luna,Isabel Allende,Bantam Books,http://images.amazon.com/images/P/0553280589.01.LZZZZZZZ.jpg,2015,3.01,60,55
Poisonwood Bible Edition Uk,Barbara Kingsolver,Faber Faber Inc,http://images.amazon.com/images/P/0571197639.01.LZZZZZZZ.jpg,2007,1.25,881,63
The Green Man : Tales from the Mythic Forest,Ellen Datlow,Viking Juvenile,http://images.amazon.com/images/P/0670035262.01.LZZZZZZZ.jpg,2012,2.16,885,141
Nicholas Nickleby (Everyman's Library),Charles Dickens,Alfred A. Knopf,http://images.amazon.com/images/P/0679423079.01.LZZZZZZZ.jpg,2012,3.22,508,176
Angels & Insects : Two Novellas,A.S. BYATT,Vintage,http://images.amazon.com/images/P/0679751343.01.LZZZZZZZ.jpg,1991,2.52,552,132
Catch 22,Joseph Heller,Simon &amp; Schuster,http://images.amazon.com/images/P/0684833395.01.LZZZZZZZ.jpg,2011,1.1,398,67
The Forsyte Saga : The Man of Property and In Chancery,John Galsworthy,Touchstone,http://images.amazon.com/images/P/0743245024.01.LZZZZZZZ.jpg,2011,1.89,927,155
The Enchanted Wood,Enid Blyton,Egmont Childrens Books,http://images.amazon.com/images/P/0749748001.01.LZZZZZZZ.jpg,2016,2.6,802,175
The Folk of the Faraway Tree,Enid Blyton,Egmont Childrens Books,http://images.amazon.com/images/P/0749748028.01.LZZZZZZZ.jpg,1996,1.89,116,84
Angels and Visitations: A Miscellany,Neil Gaiman,Dreamhaven Books,http://images.amazon.com/images/P/0963094424.01.LZZZZZZZ.jpg,1997,3.56,334,186
"League of Extraordinary Gentlemen, Vol. 2 (Comic)",Alan Moore,DC Comics,http://images.amazon.com/images/P/1401201172.01.LZZZZZZZ.jpg,1996,1.1,901,67
"Preludes and Nocturnes (Sandman, Book 1)",Neil Gaiman,DC Comics,http://images.amazon.com/images/P/1563892278.01.LZZZZZZZ.jpg,1992,3.23,860,166
"The League of Extraordinary Gentlemen, Vol. 1",Alan Moore,DC Comics,http://images.amazon.com/images/P/1563898586.01.LZZZZZZZ.jpg,2014,2.18,351,127
Harlequin Valentine,Neil Gaiman,Dark Horse Comics,http://images.amazon.com/images/P/156971620X.01.LZZZZZZZ.jpg,2020,2.72,236,76
Alpha Teach Yourself American Sign Language in 24 Hours (Alpha Teach Yourself in 24 Hours),Trudy Suggs,Alpha Books,http://images.amazon.com/images/P/1592571301.01.LZZZZZZZ.jpg,1998,4.24,898,109
A Man in Full,Tom Wolfe,Farrar Straus &amp; Giroux,http://images.amazon.com/images/P/0374270325.01.LZZZZZZZ.jpg,1999,3.28,403,186
The Miracle Life of Edgar Mint: A Novel,Brady Udall,Vintage Books USA,http://images.amazon.com/images/P/0375719180.01.LZZZZZZZ.jpg,2015,3.37,375,193
October Sky: A Memoir,Homer Hickam,Dell,http://images.amazon.com/images/P/0440235502.01.LZZZZZZZ.jpg,1992,2.25,391,78
A Painted House,John Grisham,Dell Publishing Company,http://images.amazon.com/images/P/044023722X.01.LZZZZZZZ.jpg,1994,1.83,597,168
The Romance Reader,Pearl Abraham,Riverhead Books,http://images.amazon.com/images/P/1573225487.01.LZZZZZZZ.jpg,2003,3.16,108,156
Far from the Madding Crowd (Wordsworth Classics),Thomas Hardy,NTC/Contemporary Publishing Company,http://images.amazon.com/images/P/1853260673.01.LZZZZZZZ.jpg,2009,4.63,698,59
The Perfect Storm : A True Story of Men Against the Sea,Sebastian Junger,Perennial,http://images.amazon.com/images/P/0060977477.01.LZZZZZZZ.jpg,1997,1.02,885,73
The Battle for God,Karen Armstrong,Ballantine Books,http://images.amazon.com/images/P/0345391691.01.LZZZZZZZ.jpg,2008,3.73,182,175
Sappho: A New Translation,Mary Barnard,University of California Press,http://images.amazon.com/images/P/0520011171.01.LZZZZZZZ.jpg,2017,3.84,359,181
The Postman (Bantam Classics),David Brin,Spectra Books,http://images.amazon.com/images/P/0553278746.01.LZZZZZZZ.jpg,2016,4.69,70,150
The Tortilla Curtain,T. Coraghessan Boyle,Viking Books,http://images.amazon.com/images/P/0670856045.01.LZZZZZZZ.jpg,2002,4.19,288,56
Symposium,Paul Woodruff,Hackett Pub Co Inc,http://images.amazon.com/images/P/0872200760.01.LZZZZZZZ.jpg,2018,1.17,842,186
The What's Happening to My Body? Book for Boys: A Growing Up Guide for Parents and Sons,Lynda Madaras,W W Norton &amp; Co,http://images.amazon.com/images/P/0937858994.01.LZZZZZZZ.jpg,2020,2.56,821,169
OBJECT AFFECTION,Stephen McCauley,Washington Square Press,http://images.amazon.com/images/P/0671649949.01.LZZZZZZZ.jpg,2007,2.19,293,133
The Journey Home,Isabelle Holland,Scholastic Paperbacks (Mm),http://images.amazon.com/images/P/0590431110.01.LZZZZZZZ.jpg,1990,4.83,226,138
Taking the Ferry Home,Pam Conrad,Harpercollins Juvenile Books,http://images.amazon.com/images/P/0064470113.01.LZZZZZZZ.jpg,2020,4.25,296,91
Angel of Hope (Mercy Trilogy),Lurlene McDaniel,Starfire,http://images.amazon.com/images/P/0553571486.01.LZZZZZZZ.jpg,2000,4.45,110,114
The Breach,Brian Kaufman,Last Knight Pub Co,http://images.amazon.com/images/P/0972044205.01.LZZZZZZZ.jpg,2019,4.18,847,80
Neanderthal: A Novel,John Darnton,St. Martin's Press,http://images.amazon.com/images/P/0312963009.01.LZZZZZZZ.jpg,1997,3.01,824,127
A Small Dark Place,Martin Schenk,Ballantine Books,http://images.amazon.com/images/P/0345430476.01.LZZZZZZZ.jpg,2009,1.88,987,178
The Rivan Codex : Ancient Texts of THE BELGARIAD and THE MALLOREON,DAVID EDDINGS,Del Rey,http://images.amazon.com/images/P/0345435869.01.LZZZZZZZ.jpg,1999,2.43,432,79
Babyhood,Paul Reiser,Avon,http://images.amazon.com/images/P/0380728729.01.LZZZZZZZ.jpg,1996,4.23,201,159
Year's Best Fantasy (Year's Best Fantasy),David G. Hartwell,Eos,http://images.amazon.com/images/P/038081840X.01.LZZZZZZZ.jpg,2018,4.07,967,118
Dave Barry in Cyberspace,Dave Barry,Ballantine Books,http://images.amazon.com/images/P/0449912302.01.LZZZZZZZ.jpg,1995,1.69,565,180
Wolf Moon,John R. Holt,Bantam,http://images.amazon.com/images/P/055329198X.01.LZZZZZZZ.jpg,2005,3.22,537,80
The War in Heaven (Eternal Warriors),Theodore Beale,Pocket,http://images.amazon.com/images/P/0671018930.01.LZZZZZZZ.jpg,1998,4.56,169,107
Waiting,Frank M. Robinson,Tor Books,http://images.amazon.com/images/P/0812541642.01.LZZZZZZZ.jpg,2018,2.94,661,64
Nowhere To Run,Mary Jane Clark,St. Martin's Paperbacks,http://images.amazon.com/images/P/0312988699.01.LZZZZZZZ.jpg,2010,1.16,559,153
Frankenstein (Dover Thrift Editions),Mary Wollstonecraft Shelley,Dover Publications,http://images.amazon.com/images/P/0486282112.01.LZZZZZZZ.jpg,2002,2.65,962,151
El gust amarg de la cervesa (CollecciÃÂ³ ClÃÂ ssica),Isabel-Clara SimÃÂ³,Columna,http://images.amazon.com/images/P/8483007010.01.LZZZZZZZ.jpg,1997,3.39,309,191
Urn Burial,Robert Westall,Viking Children's Books,http://images.amazon.com/images/P/0670815373.01.LZZZZZZZ.jpg,1991,3.69,163,138
All Our Yesterdays (Large Print),Robert B. Parker,Delacorte Press,http://images.amazon.com/images/P/0385313748.01.LZZZZZZZ.jpg,2016,4.6,474,145
What Shall I Be (Barbie Carryalong),Rita Chapman Works,Reader's Digest,http://images.amazon.com/images/P/1575843366.01.LZZZZZZZ.jpg,2014,1.88,991,187
ALL THAT REMAINS,Patricia Cornwell,Scribner,http://images.amazon.com/images/P/0684193957.01.LZZZZZZZ.jpg,2008,3.03,523,114
Last Chance to See,Douglas Adams,Ballantine Books,http://images.amazon.com/images/P/0345371984.01.LZZZZZZZ.jpg,2010,3.73,321,168
Vinegar Hill (Oprah's Book Club (Paperback)),A. Manette Ansay,Perennial,http://images.amazon.com/images/P/0380730138.01.LZZZZZZZ.jpg,1992,3.92,650,120
Affinity,Sarah Waters,Riverhead Books,http://images.amazon.com/images/P/1573228737.01.LZZZZZZZ.jpg,2014,4.86,541,136
Diario de Ana Frank,Anne Frank,"Editores Mexicanos Unidos, S.A.",http://images.amazon.com/images/P/9681500555.01.LZZZZZZZ.jpg,1994,2.07,938,85
Desert Notes/River Notes,Barry Lopez,Quill (HarperCollins),http://images.amazon.com/images/P/0380711109.01.LZZZZZZZ.jpg,2004,1.4,90,111
"The Best Democracy Money Can Buy: The Truth About Corporate Cons, Globalization and High-Finance Fraudsters",Greg Palast,Plume Books,http://images.amazon.com/images/P/0452283914.01.LZZZZZZZ.jpg,2004,1.87,272,130
The Hunt for Red October,Tom Clancy,Berkley Publishing Group,http://images.amazon.com/images/P/0425120279.01.LZZZZZZZ.jpg,1997,1.27,230,73
The Music Box,Andrea Kane,Pocket,http://images.amazon.com/images/P/067153484X.01.LZZZZZZZ.jpg,2009,2.6,618,53
Liberty Falling (Anna Pigeon Mysteries (Paperback)),Nevada Barr,Avon,http://images.amazon.com/images/P/0380728273.01.LZZZZZZZ.jpg,2019,1.61,572,141
El Palacio de La Luna,Paul Auster,Anagrama,http://images.amazon.com/images/P/8433914545.01.LZZZZZZZ.jpg,2011,4.44,959,140
Mientras Escribo,Stephen King,Distribooks,http://images.amazon.com/images/P/8484509141.01.LZZZZZZZ.jpg,2009,2.63,760,199
Killer Market (Deborah Knott Mysteries (Paperback)),Margaret Maron,Warner Books,http://images.amazon.com/images/P/0446606197.01.LZZZZZZZ.jpg,2008,4.56,201,140
Remembering Peter Gzowski : A Book of Tributes,EDNA BARKER,Douglas Gibson Books,http://images.amazon.com/images/P/0771076002.01.LZZZZZZZ.jpg,1997,2.55,129,120
The Best Canadian Animal Stories: Classic Tales by Master Storytellers,Muriel Whitaker,McClelland &amp; Stewart,http://images.amazon.com/images/P/0771088191.01.LZZZZZZZ.jpg,1996,3.73,170,56
Trying to Save Piggy Sneed,John Irving,Arcade Publishing,http://images.amazon.com/images/P/1559703237.01.LZZZZZZZ.jpg,1992,2.97,700,56
"Herr Der Fliegen (Fiction, Poetry and Drama)",Golding,Fischer Taschenbuch Verlag GmbH,http://images.amazon.com/images/P/3596214629.01.LZZZZZZZ.jpg,2004,4.32,637,186
Seattle Access,HarperReference,Access Press (HarperCollins),http://images.amazon.com/images/P/0062770500.01.LZZZZZZZ.jpg,2009,1.59,157,139
REAL GUIDE: CALIFORNIA AND THE WEST COAST (The Real guides),LTD,John Wiley &amp; Sons Inc,http://images.amazon.com/images/P/0671847546.01.LZZZZZZZ.jpg,2000,1.44,130,95
Bel Canto,Ann Patchett,HarperCollins Publishers,http://images.amazon.com/images/P/0060188731.01.LZZZZZZZ.jpg,2016,1.86,435,162
James and the Giant Peach,Roald Dahl,Penguin USA (Paper),http://images.amazon.com/images/P/0140374248.01.LZZZZZZZ.jpg,2017,4.56,718,200
The Secret Life of Bees,Sue Monk Kidd,Penguin Books,http://images.amazon.com/images/P/0142001740.01.LZZZZZZZ.jpg,2014,2.24,947,115
What a Wonderful World: A Lifetime of Recordings,Bob Thiele,Oxford University Press,http://images.amazon.com/images/P/0195086295.01.LZZZZZZZ.jpg,2001,3.25,689,126
Digital Fortress : A Thriller,Dan Brown,St. Martin's Press,http://images.amazon.com/images/P/0312995423.01.LZZZZZZZ.jpg,2017,2.52,643,73
The Ladies of Missalonghi,Colleen McCullough,Avon,http://images.amazon.com/images/P/0380704587.01.LZZZZZZZ.jpg,1998,1.08,571,106
Blackberry Wine : A Novel,Joanne Harris,Perennial,http://images.amazon.com/images/P/0380815923.01.LZZZZZZZ.jpg,1993,2.24,969,133
The Firm,John Grisham,Doubleday Books,http://images.amazon.com/images/P/0385416342.01.LZZZZZZZ.jpg,2017,4.22,584,197
How the Irish Saved Civilization: The Untold Story of Ireland's Heroic Role from the Fall of Rome to the Rise of Medieval Europe (Hinges of History),Thomas Cahill,Anchor,http://images.amazon.com/images/P/0385418493.01.LZZZZZZZ.jpg,2006,3.51,786,120
The Client,John Grisham,Doubleday Books,http://images.amazon.com/images/P/038542471X.01.LZZZZZZZ.jpg,2004,3.49,573,75
Thieves of Light (Photon : the Ultimate Game on Planet Earth),Michael Hudson,Berkley Publishing Group,http://images.amazon.com/images/P/0425098109.01.LZZZZZZZ.jpg,2005,2.04,132,126
Horse Heaven (Ballantine Reader's Circle),Jane Smiley,Ballantine Books,http://images.amazon.com/images/P/0449005410.01.LZZZZZZZ.jpg,2002,2.87,216,78
Danger,Dick Francis,Fawcett Books,http://images.amazon.com/images/P/0449202631.01.LZZZZZZZ.jpg,1996,4.75,591,134
Proof,Dick Francis,Fawcett Books,http://images.amazon.com/images/P/0449207544.01.LZZZZZZZ.jpg,2017,2.28,398,71
Heart of the Sea (Irish Trilogy),Nora Roberts,Jove Books,http://images.amazon.com/images/P/0515128554.01.LZZZZZZZ.jpg,1995,2.27,428,67
Mostly Harmless,Douglas Adams,Random House Inc,http://images.amazon.com/images/P/0517577402.01.LZZZZZZZ.jpg,1993,4.8,275,80
I Spy: A Book of Picture Riddles,Jean Marzollo,Scholastic,http://images.amazon.com/images/P/0590450875.01.LZZZZZZZ.jpg,2009,1.38,687,62
I Spy Spooky Night: A Book of Picture Riddles (I Spy Books),Walter Wick,Scholastic,http://images.amazon.com/images/P/0590481371.01.LZZZZZZZ.jpg,2006,3.38,684,95
Lake News,Barbara Delinsky,Pocket,http://images.amazon.com/images/P/067103619X.01.LZZZZZZZ.jpg,2001,1.23,570,103
The SKULL BENEATH THE SKIN,P. D. James,Scribner,http://images.amazon.com/images/P/0684177730.01.LZZZZZZZ.jpg,1999,3.12,393,155
NEW SHOE,Arthur William Upfield,Scribner Paper Fiction,http://images.amazon.com/images/P/0684180200.01.LZZZZZZZ.jpg,1997,4.65,638,184
An Accidental Woman,Barbara Delinsky,Pocket Books,http://images.amazon.com/images/P/0743411269.01.LZZZZZZZ.jpg,2009,4.28,644,110
The Snow Garden,Christopher Rice,Pocket Star,http://images.amazon.com/images/P/0743470389.01.LZZZZZZZ.jpg,2019,3.92,540,195
The Doorbell Rang (The Best Mysteries of All Time),Rex Stout,Readers Digest Assn,http://images.amazon.com/images/P/076218857X.01.LZZZZZZZ.jpg,1998,3.88,626,114
A Year by the Sea: Thoughts of an Unfinished Woman,Joan Anderson,Broadway Books,http://images.amazon.com/images/P/0767905938.01.LZZZZZZZ.jpg,2015,1.11,813,94
Though I walk through the valley,Vance Havner,F. H. Revell,http://images.amazon.com/images/P/0800706544.01.LZZZZZZZ.jpg,2003,3.6,144,192
Victorious Christians You Should Know,Warren W. Wiersbe,Baker Book House,http://images.amazon.com/images/P/0801096677.01.LZZZZZZZ.jpg,2012,4.14,749,64
Life Lessons: Book Of Hebrews,Max Lucado,W Publishing Group,http://images.amazon.com/images/P/0849953014.01.LZZZZZZZ.jpg,2012,3.97,683,103
Inside out,Lawrence J Crabb,NavPress,http://images.amazon.com/images/P/0891091963.01.LZZZZZZZ.jpg,2006,2.15,300,160
Son Rise: The Miracle Continues,Barry Neil Kaufman,Pub Group West,http://images.amazon.com/images/P/0915811537.01.LZZZZZZZ.jpg,2003,1.97,181,50
Unveiled at Last,Bob Sjogren,YWAM Publishing,http://images.amazon.com/images/P/0927545373.01.LZZZZZZZ.jpg,2003,4.6,582,77
The Day I Almost Quit,Frederick J. Moody,F.J. Moody,http://images.amazon.com/images/P/1575024179.01.LZZZZZZZ.jpg,2013,3.39,236,168
"Serving As Senders: How to Care for Your Missionaries While They Are Preparing to Go, While They Are on the Field, When They Return Home",Neal Pirolo,Emmaus Road Intl,http://images.amazon.com/images/P/1880185008.01.LZZZZZZZ.jpg,1994,3.24,567,194
House of Stairs,William Sleator,Puffin Books,http://images.amazon.com/images/P/0140345809.01.LZZZZZZZ.jpg,2004,3.49,749,171
The Little Prince,Antoine de Saint-ExupÃÂ©ry,Harcourt,http://images.amazon.com/images/P/0156528207.01.LZZZZZZZ.jpg,2016,1.38,159,185
Jonathan Livingston Seagull,Richard Bach,Avon,http://images.amazon.com/images/P/0380012863.01.LZZZZZZZ.jpg,1992,2.09,794,132
The Crystal Handbook,Kevin Sullivan,Signet Book,http://images.amazon.com/images/P/0451154916.01.LZZZZZZZ.jpg,1996,4.44,667,165
Simple Wicca (Simple Wisdom Book),Michele Morgan,Castle Books,http://images.amazon.com/images/P/0785815147.01.LZZZZZZZ.jpg,2007,2.13,738,70
"The Complete Book of Incense, Oils &amp; Brews (Llewellyn's Practical Magick)","Scott, Cunningham",Llewellyn Publications,http://images.amazon.com/images/P/0875421288.01.LZZZZZZZ.jpg,2007,1.7,495,68
"The Western Mysteries: An Encyclopedic Guide to the Sacred Languages &amp; Magickal Systems of the World : The Key of It All, Book II (Key of It All)",David Allen Hulse,Llewellyn Publications,http://images.amazon.com/images/P/1567184294.01.LZZZZZZZ.jpg,2019,3.52,295,131
Astral Travel for Beginners (For Beginners),Richard Webster,Llewellyn Publications,http://images.amazon.com/images/P/156718796X.01.LZZZZZZZ.jpg,2009,2.26,437,121
New Perspectives: Runes,Bernard King,Harper Collins - UK,http://images.amazon.com/images/P/1862047626.01.LZZZZZZZ.jpg,2020,1.89,370,113
Rosie'S Walk,Pat Hutchins,Aladdin,http://images.amazon.com/images/P/0020437501.01.LZZZZZZZ.jpg,1994,4.6,865,76
Julius Caesar (Oxford School Shakespeare),William Shakespeare,Oxford University Press,http://images.amazon.com/images/P/0198320264.01.LZZZZZZZ.jpg,1996,4.34,401,82
"Santa Brought A Son : Marrying The Boss's Daughter (Silhouette Romance, 1698)",Melissa McClone,Silhouette,http://images.amazon.com/images/P/0373196989.01.LZZZZZZZ.jpg,1997,2.1,203,117
"Marry Me ... Again Montana Mavericks (Silhouette Special Edition, 1558)",Cheryl St. John,Silhouette,http://images.amazon.com/images/P/0373245580.01.LZZZZZZZ.jpg,2019,4.21,262,193
Alice's Adventures in Wonderland and Through the Looking Glass,Lewis Carroll,Signet Classics,http://images.amazon.com/images/P/0451527747.01.LZZZZZZZ.jpg,2004,4.17,490,90
Moonlight Becomes You,Mary Higgins Clark,Pocket,http://images.amazon.com/images/P/0671867113.01.LZZZZZZZ.jpg,2002,3.03,317,194
The Adventures of Tom Sawyer,Mark Twain,Tor Books,http://images.amazon.com/images/P/0812504208.01.LZZZZZZZ.jpg,2000,2.75,803,124
Divine Secrets of the Ya-Ya Sisterhood : A Novel,Rebecca Wells,HarperCollins,http://images.amazon.com/images/P/0060173289.01.LZZZZZZZ.jpg,2014,1.68,670,152
Lakota Woman,Dog Mary Crow,Perennial,http://images.amazon.com/images/P/0060973897.01.LZZZZZZZ.jpg,2008,2.56,845,143
The Perfect Storm : A True Story of Men Against the Sea,Sebastian Junger,HarperTorch,http://images.amazon.com/images/P/006101351X.01.LZZZZZZZ.jpg,1992,2.85,115,193
"Heroes of Their Own Lives: The Politics and History of Family Violence, Boston 1880-1960",Linda Gordon,Penguin USA,http://images.amazon.com/images/P/0140104682.01.LZZZZZZZ.jpg,1996,2.58,541,81
The Florence King Reader,Florence King,St. Martin's Press,http://images.amazon.com/images/P/0312143370.01.LZZZZZZZ.jpg,1995,2.92,271,189
The Lovely Bones: A Novel,Alice Sebold,"Little, Brown",http://images.amazon.com/images/P/0316666343.01.LZZZZZZZ.jpg,2002,1.53,631,192
Impossible Vacation,Spalding Gray,Random House Inc,http://images.amazon.com/images/P/039456894X.01.LZZZZZZZ.jpg,1994,2.7,148,175
Hannibal,Thomas Harris,Dell Publishing Company,http://images.amazon.com/images/P/0440224675.01.LZZZZZZZ.jpg,2015,2.36,787,143
London : The Novel,EDWARD RUTHERFURD,Fawcett,http://images.amazon.com/images/P/0449002632.01.LZZZZZZZ.jpg,2019,4.47,716,165
Life Before Man,Margaret Atwood,Fawcett Books,http://images.amazon.com/images/P/0449213773.01.LZZZZZZZ.jpg,2020,4.04,609,102
Cavedweller,Dorothy Allison,Plume Books,http://images.amazon.com/images/P/0452279690.01.LZZZZZZZ.jpg,2008,2,259,116
The Robber Bride,Margaret Atwood,Bantam,http://images.amazon.com/images/P/0553569058.01.LZZZZZZZ.jpg,1993,1.51,796,105
Wouldn't Take Nothing for My Journey Now,MAYA ANGELOU,Random House,http://images.amazon.com/images/P/0679427430.01.LZZZZZZZ.jpg,2018,4.5,308,195
The House of Mirth (Library of America),Edith Wharton,Vintage Books USA,http://images.amazon.com/images/P/0679725393.01.LZZZZZZZ.jpg,1996,2.14,655,182
Ohitika Woman,Mary Brave Bird,Pub Group West,http://images.amazon.com/images/P/0802114369.01.LZZZZZZZ.jpg,1997,4.61,660,174
Black Elk Speaks: Being the Life Story of a Holy Man of the Oglala Sioux,John G. Neihardt,University of Nebraska Press,http://images.amazon.com/images/P/0803233019.01.LZZZZZZZ.jpg,1991,4.74,78,197
The Community in America,Roland Warren,University Press of America,http://images.amazon.com/images/P/0819154946.01.LZZZZZZZ.jpg,2014,1.45,582,54
"The Best in Tent Camping: Smoky Mountains : A Guide for Campers Who Hate Rvs, Concrete Slabs, and Loud Portable Stereos (Best in Tent Camping Colorado)",Johnny Molloy,Globe Pequot Pr,http://images.amazon.com/images/P/0897322339.01.LZZZZZZZ.jpg,2000,1.6,126,194
Mawrdew Czgowchwz (New York Review Books Classics),James McCourt,New York Review of Books,http://images.amazon.com/images/P/0940322978.01.LZZZZZZZ.jpg,2013,4.63,919,75
Prozac Nation: Young and Depressed in America : A Memoir,Elizabeth Wurtzel,Riverhead Books,http://images.amazon.com/images/P/1573225126.01.LZZZZZZZ.jpg,1995,1.24,66,99
The Journey From Here,Bill Bradley,Artisan Publishers,http://images.amazon.com/images/P/1579651658.01.LZZZZZZZ.jpg,2011,4.92,371,133
The Four Agreements: A Practical Guide to Personal Freedom,Don Miguel Ruiz,Amber-Allen Publishing,http://images.amazon.com/images/P/1878424319.01.LZZZZZZZ.jpg,1993,1.32,466,198
El desarrollo de Leonardo da Vinci (BiografÃÂ­as y memorias),Luis Racionero,Plaza &amp; JanÃÂ©s,http://images.amazon.com/images/P/8401351421.01.LZZZZZZZ.jpg,2018,1.39,527,99
Gastronomia divina (L'ÃÂ¡ncora),Eugeni Perea SimÃÂ³n,Destino,http://images.amazon.com/images/P/8423324311.01.LZZZZZZZ.jpg,1996,2.29,188,149
Desaparecido: LA Autentica Historia De LA Ejecucion De Charles Horman,Thomas Hauser,Lectorum Pubns (J),http://images.amazon.com/images/P/8427007450.01.LZZZZZZZ.jpg,2016,3.47,277,168
Hotel Europa (El BalancÃÂ­),VicenÃÂ§ Villatoro,Edicions 62,http://images.amazon.com/images/P/8429734996.01.LZZZZZZZ.jpg,1994,3.5,447,106
La dona dels ulls de pluja: Barcelona anys 90 (El BalancÃÂ­),VÃÂ­ctor Mora,Edicions 62,http://images.amazon.com/images/P/8429736131.01.LZZZZZZZ.jpg,1995,1.78,329,140
El paraÃÂ­so (Tiempos modernos),Elena Castedo,"Editiones B, Grupo Zeta",http://images.amazon.com/images/P/8440616252.01.LZZZZZZZ.jpg,1994,3.05,432,153
Negra i consentida (ColÃÂ¨lecciÃÂ³ El Mirall),OfÃÂ¨lia Dracs,Laia,http://images.amazon.com/images/P/8472224260.01.LZZZZZZZ.jpg,2017,3.87,103,120
Essa efa (ColÃÂ¨lecciÃÂ³ El Mirall i el temps),OfÃÂ¨lia Dracs,Editorial Laia,http://images.amazon.com/images/P/8472227421.01.LZZZZZZZ.jpg,1996,1.06,117,173
Espurnes de sang (La Negra),Antoni Serra,Edicions de la Magrana,http://images.amazon.com/images/P/8474103347.01.LZZZZZZZ.jpg,2014,1.82,991,139
Les llengÃÂ¼es d'Africa (Biblioteca universal EmpÃÂºries),M. Carme Junyent,Editorial EmpÃÂºries,http://images.amazon.com/images/P/8475960936.01.LZZZZZZZ.jpg,2004,1.77,923,133
TrÃÂ nsit (Area contemporÃÂ nia),Jaume CapÃÂ³,Area,http://images.amazon.com/images/P/8477830029.01.LZZZZZZZ.jpg,2003,2.48,497,60
L'home del sac,MÃÂ rius Serra,Columna,http://images.amazon.com/images/P/8478091246.01.LZZZZZZZ.jpg,2005,1.94,860,152
GrÃÂ cies per la propina (Columna),Ferran Torrent,Columna,http://images.amazon.com/images/P/8478097732.01.LZZZZZZZ.jpg,2000,3.37,262,99
El dia que es va cremar el Liceu (La primera Columna),Joan Agut,Columna,http://images.amazon.com/images/P/8478098267.01.LZZZZZZZ.jpg,1996,4.57,177,105
CÃÂ³mo ser una mujer y no morir en el intento (ColecciÃÂ³n El Papagayo),Carmen Rico-Godoy,Ediciones Temas de Hoy,http://images.amazon.com/images/P/8478800336.01.LZZZZZZZ.jpg,1995,4.93,886,161
Una casa en Irlanda,Maeve Binchy,Salamandra,http://images.amazon.com/images/P/8478884963.01.LZZZZZZZ.jpg,2004,4.07,217,141
La mirada del tafur (ColÃÂ¨lecciÃÂ³ clÃÂ ssica),Ferran Torrent,Columna,http://images.amazon.com/images/P/8483002523.01.LZZZZZZZ.jpg,1991,1.11,344,96
Amorrada al pilÃÂ³ (Columna),Maria JaÃÂ©n,Columna,http://images.amazon.com/images/P/8486433193.01.LZZZZZZZ.jpg,2013,2.59,430,57
Blur (Melody Maker),Paul Lester,Hal Leonard Corp,http://images.amazon.com/images/P/0600586898.01.LZZZZZZZ.jpg,2009,1.4,521,185
War and Peace (Wordsworth Classics),Leo Tolstoy,NTC/Contemporary Publishing Company,http://images.amazon.com/images/P/1853260622.01.LZZZZZZZ.jpg,2005,2.75,701,100
A-Z of Behaving Badly,Simon Nye,Trafalgar Square,http://images.amazon.com/images/P/1857938011.01.LZZZZZZZ.jpg,2012,4.04,766,178
He Understanding Masculine Psychology,Robert A Johnson,Harpercollins Publisher,http://images.amazon.com/images/P/0060804157.01.LZZZZZZZ.jpg,2001,2.74,442,190
Las DOS Muertes De Gardel (Ficcionario),Horacio Vazquez-Rial,Ediciones B,http://images.amazon.com/images/P/8466601090.01.LZZZZZZZ.jpg,2012,1.64,92,200
You Can Surf the Net: Your Guide to the World of the Internet,Marc Gascoigne,Puffin Books,http://images.amazon.com/images/P/0140382658.01.LZZZZZZZ.jpg,1997,1.78,138,176
I Want to Be...a Veterinarian (I Want to Be... Series),Stephanie Maze,Harcourt,http://images.amazon.com/images/P/0152012966.01.LZZZZZZZ.jpg,2002,4.19,941,176
Alice's Tulips,Sandra Dallas,St. Martin's Griffin,http://images.amazon.com/images/P/0312283784.01.LZZZZZZZ.jpg,2005,2.84,776,134
Centaur Aisle,Piers Anthony,Ballantine Books,http://images.amazon.com/images/P/0345297709.01.LZZZZZZZ.jpg,2014,2.43,224,125
Crewel Lye,Piers Anthony,Ballantine Books,http://images.amazon.com/images/P/0345313097.01.LZZZZZZZ.jpg,2016,2.92,963,119
Dragonflight (Dragonriders of Pern Trilogy (Paperback)),Anne McCaffrey,Del Rey Books,http://images.amazon.com/images/P/0345335465.01.LZZZZZZZ.jpg,2016,3.58,993,194
Last Sword of Power (Stones of Power),David Gemmell,Del Rey Books,http://images.amazon.com/images/P/0345416848.01.LZZZZZZZ.jpg,1998,3.91,286,129
Dating Big Bird,Laura Zigman,Dial Books,http://images.amazon.com/images/P/0385333404.01.LZZZZZZZ.jpg,2007,1.86,289,115
The Firm,John Grisham,Bantam Dell Publishing Group,http://images.amazon.com/images/P/044021145X.01.LZZZZZZZ.jpg,2007,1.07,187,163
Murder at the Kennedy Center (Capital Crime Mysteries),Margaret Truman,Fawcett Books,http://images.amazon.com/images/P/0449212084.01.LZZZZZZZ.jpg,2006,4.29,497,167
"Guinness World Records 2000 (Guinness Book of Records, 2000)",Nic Kynaston,Bantam Books,http://images.amazon.com/images/P/0553582682.01.LZZZZZZZ.jpg,2014,1.02,325,189
Forever Amber Brown (Amber Brown (Paperback)),Paula Danziger,Jump at the Sun,http://images.amazon.com/images/P/0590947257.01.LZZZZZZZ.jpg,2013,4.99,112,137
Philip Jose Farmer's The Dungeon,Richard A. Lupoff,I Books,http://images.amazon.com/images/P/074345829X.01.LZZZZZZZ.jpg,1991,2.98,81,71
Pool of Radiance: The Ruins of Myth Drannor (Forgotten Realms),Carrie Bebris,Wizards of the Coast,http://images.amazon.com/images/P/0786913878.01.LZZZZZZZ.jpg,2005,2.16,334,192
"Feminism and Suffrage: The Emergence of an Independent Women's Movement in America, 1848-1869",Ellen Carol Dubois,Cornell University Press,http://images.amazon.com/images/P/0801491827.01.LZZZZZZZ.jpg,2008,3.38,59,106
Why Are Boys So Weird (Tales from Third Grade),Candice F. Ransom,Troll Communications Llc,http://images.amazon.com/images/P/0816729913.01.LZZZZZZZ.jpg,2014,4.24,297,178
Sheldon &amp; Mrs. Levine: An Excruciating Correspondence,Sam Bobrick,Price Stern Sloan,http://images.amazon.com/images/P/0843136685.01.LZZZZZZZ.jpg,2010,3.44,844,84
Black Beauty (Great Illustrated Classics (Playmore)),Anna Sewell,Playmore Inc. Publishers,http://images.amazon.com/images/P/0866119531.01.LZZZZZZZ.jpg,1991,3.29,482,156
Oliver Twist (Great Illustrated Classics),Charles Dickens,Playmore Inc. Publishers,http://images.amazon.com/images/P/0866119566.01.LZZZZZZZ.jpg,2006,2.29,57,65
The wild ponies of Assateague Island (Books for young explorers),Donna K Grosvenor,National Geographic Society,http://images.amazon.com/images/P/0870441663.01.LZZZZZZZ.jpg,1994,1.26,155,147
Frankenstein (Illustrated Classics Series),Mary Wollstonecraft Shelley,Kidsbooks.Com,http://images.amazon.com/images/P/1561561428.01.LZZZZZZZ.jpg,1990,2.56,420,186
The Scarlet Letter,NATHANIEL HAWTHORNE,Bantam,http://images.amazon.com/images/P/0553210092.01.LZZZZZZZ.jpg,1999,3.88,944,60
Dragonsong (Harper Hall Trilogy),Anne McCaffrey,Bantam,http://images.amazon.com/images/P/0553258524.01.LZZZZZZZ.jpg,2008,1.94,879,135
The Watch House,Robert Westall,HarperTrophy,http://images.amazon.com/images/P/0688163726.01.LZZZZZZZ.jpg,2013,1.16,870,140
Was It Something I Said?,Valerie Block,Soho Press,http://images.amazon.com/images/P/1569471096.01.LZZZZZZZ.jpg,2016,3.18,948,191
Cloud Nine,Luanne Rice,Bantam Books,http://images.amazon.com/images/P/055358099X.01.LZZZZZZZ.jpg,2002,1.84,963,57
The Lovely Bones,Alice Sebold,Back Bay Books,http://images.amazon.com/images/P/0316168815.01.LZZZZZZZ.jpg,1990,3.42,826,156
The Tortilla Curtain,T. Coraghessan Boyle,Penguin Books,http://images.amazon.com/images/P/014023828X.01.LZZZZZZZ.jpg,1993,2.48,363,172
Sarah Conley,Ellen Gilchrist,Back Bay Books,http://images.amazon.com/images/P/0316314927.01.LZZZZZZZ.jpg,2010,4.22,363,167
A Widow for One Year,JOHN IRVING,Ballantine Books,http://images.amazon.com/images/P/0345424719.01.LZZZZZZZ.jpg,1992,2.7,616,53
The Clearing,TIM GAUTREAUX,Knopf,http://images.amazon.com/images/P/0375414746.01.LZZZZZZZ.jpg,2000,3.84,628,133
Empire Falls,Richard Russo,Vintage Books USA,http://images.amazon.com/images/P/0375726403.01.LZZZZZZZ.jpg,2005,3.87,957,120
Oryx and Crake,Margaret Atwood,Nan A. Talese,http://images.amazon.com/images/P/0385503857.01.LZZZZZZZ.jpg,2019,4.53,782,164
Sophie's World: A Novel About the History of Philosophy (Berkeley Signature Edition),Jostein Gaarder,Berkley Publishing Group,http://images.amazon.com/images/P/0425156842.01.LZZZZZZZ.jpg,2019,4.11,941,140
Black and Blue,ANNA QUINDLEN,Dell,http://images.amazon.com/images/P/0440226104.01.LZZZZZZZ.jpg,1992,3.11,157,99
Le Divorce (William Abrahams Book),Diane Johnson,Plume Books,http://images.amazon.com/images/P/0452277337.01.LZZZZZZZ.jpg,2010,2.02,563,173
The Face,DEAN KOONTZ,Bantam,http://images.amazon.com/images/P/0553802488.01.LZZZZZZZ.jpg,2017,3.95,409,146
She's Come Undone (Oprah's Book Club),Wally Lamb,Pocket,http://images.amazon.com/images/P/0671021001.01.LZZZZZZZ.jpg,2001,2.33,400,95
Falling Leaves: The True Story of an Unwanted Chinese Daughter,Adeline Yen Mah,Broadway Books,http://images.amazon.com/images/P/0767903579.01.LZZZZZZZ.jpg,2014,1.59,422,171
Nickel and Dimed: On (Not) Getting By in America,Barbara Ehrenreich,Owl Books,http://images.amazon.com/images/P/0805063897.01.LZZZZZZZ.jpg,2008,2.29,654,157
"The Game of Kings (Lymond Chronicles, 1)",DOROTHY DUNNETT,Vintage,http://images.amazon.com/images/P/0679777431.01.LZZZZZZZ.jpg,2011,2.17,981,169
"RUSSIA HOUSE, THE",JOHN LE CARRE,Bantam,http://images.amazon.com/images/P/0553285343.01.LZZZZZZZ.jpg,2011,2.86,623,60
Solv-A-Crime Puzzles (Dover Game and Puzzle Activity Books),A. C. Gordon,Dover Publications,http://images.amazon.com/images/P/0486285529.01.LZZZZZZZ.jpg,2002,1.92,285,151
The First Wives Club Movie Tie In,Olivia Goldsmith,Pocket,http://images.amazon.com/images/P/0671002481.01.LZZZZZZZ.jpg,2008,2.36,872,199
Selected Poems of Emily Dickinson,Emily Dickinson,Tor Books,http://images.amazon.com/images/P/0812523385.01.LZZZZZZZ.jpg,2007,3.26,555,170
Watercolor School (Reader's Digest Learn-As-You-Go Guides),Hazel Harrison,Readers Digest,http://images.amazon.com/images/P/0895774666.01.LZZZZZZZ.jpg,2005,2.26,231,160
Joshua In the Holy Land,Joseph Girzone,Simon Schuster Trade,http://images.amazon.com/images/P/0020199090.01.LZZZZZZZ.jpg,2011,2.14,560,94
The Messenger,JOSEPH GIRZONE,Image,http://images.amazon.com/images/P/0385495145.01.LZZZZZZZ.jpg,2004,1.18,595,174
Sisters of the Earth: Women's Prose and Poetry About Nature,Lorraine Anderson,Vintage Books USA,http://images.amazon.com/images/P/0679733825.01.LZZZZZZZ.jpg,2007,3.08,851,127
Left Behind: A Novel of the Earth's Last Days (Left Behind No. 1),Tim Lahaye,Tyndale House Publishers,http://images.amazon.com/images/P/0842329129.01.LZZZZZZZ.jpg,2009,3.73,424,155